[
    {
        "id": "acacia_button",
        "name": "金合欢木按钮"
    },
    {
        "id": "acacia_door",
        "name": "金合欢木门"
    },
    {
        "id": "acacia_fence",
        "name": "金合欢木栅栏"
    },
    {
        "id": "acacia_fence_gate",
        "name": "金合欢木栅栏门"
    },
    {
        "id": "acacia_leaves",
        "name": "金合欢树叶"
    },
    {
        "id": "acacia_log",
        "name": "金合欢原木"
    },
    {
        "id": "acacia_planks",
        "name": "金合欢木板"
    },
    {
        "id": "acacia_pressure_plate",
        "name": "金合欢木压力板"
    },
    {
        "id": "acacia_sapling",
        "name": "金合欢树苗"
    },
    {
        "id": "acacia_sign",
        "name": "金合欢木告示牌"
    },
    {
        "id": "acacia_slab",
        "name": "金合欢木台阶"
    },
    {
        "id": "acacia_stairs",
        "name": "金合欢木楼梯"
    },
    {
        "id": "acacia_trapdoor",
        "name": "金合欢木活板门"
    },
    {
        "id": "acacia_wall_sign",
        "name": "墙上的金合欢木告示牌"
    },
    {
        "id": "acacia_wood",
        "name": "金合欢木"
    },
    {
        "id": "activator_rail",
        "name": "激活铁轨"
    },
    {
        "id": "air",
        "name": "空气"
    },
    {
        "id": "allium",
        "name": "绒球葱"
    },
    {
        "id": "amethyst_block",
        "name": "紫水晶块"
    },
    {
        "id": "amethyst_cluster",
        "name": "紫水晶簇"
    },
    {
        "id": "ancient_debris",
        "name": "远古残骸"
    },
    {
        "id": "andesite",
        "name": "安山岩"
    },
    {
        "id": "andesite_slab",
        "name": "安山岩台阶"
    },
    {
        "id": "andesite_stairs",
        "name": "安山岩楼梯"
    },
    {
        "id": "andesite_wall",
        "name": "安山岩墙"
    },
    {
        "id": "anvil",
        "name": "铁砧"
    },
    {
        "id": "attached_melon_stem",
        "name": "结果的西瓜茎"
    },
    {
        "id": "attached_pumpkin_stem",
        "name": "结果的南瓜茎"
    },
    {
        "id": "azalea",
        "name": "杜鹃花丛"
    },
    {
        "id": "azalea_leaves",
        "name": "杜鹃树叶"
    },
    {
        "id": "azure_bluet",
        "name": "蓝花美耳草"
    },
    {
        "id": "bamboo",
        "name": "竹子"
    },
    {
        "id": "bamboo_sapling",
        "name": "竹笋"
    },
    {
        "id": "barrel",
        "name": "木桶"
    },
    {
        "id": "barrier",
        "name": "屏障"
    },
    {
        "id": "basalt",
        "name": "玄武岩"
    },
    {
        "id": "beacon",
        "name": "信标"
    },
    {
        "id": "bedrock",
        "name": "基岩"
    },
    {
        "id": "bee_nest",
        "name": "蜂巢"
    },
    {
        "id": "beehive",
        "name": "蜂箱"
    },
    {
        "id": "beetroots",
        "name": "甜菜根"
    },
    {
        "id": "bell",
        "name": "钟"
    },
    {
        "id": "big_dripleaf",
        "name": "大型垂滴叶"
    },
    {
        "id": "big_dripleaf_stem",
        "name": "大型垂滴叶茎"
    },
    {
        "id": "birch_button",
        "name": "白桦木按钮"
    },
    {
        "id": "birch_door",
        "name": "白桦木门"
    },
    {
        "id": "birch_fence",
        "name": "白桦木栅栏"
    },
    {
        "id": "birch_fence_gate",
        "name": "白桦木栅栏门"
    },
    {
        "id": "birch_leaves",
        "name": "白桦树叶"
    },
    {
        "id": "birch_log",
        "name": "白桦原木"
    },
    {
        "id": "birch_planks",
        "name": "白桦木板"
    },
    {
        "id": "birch_pressure_plate",
        "name": "白桦木压力板"
    },
    {
        "id": "birch_sapling",
        "name": "白桦树苗"
    },
    {
        "id": "birch_sign",
        "name": "白桦木告示牌"
    },
    {
        "id": "birch_slab",
        "name": "白桦木台阶"
    },
    {
        "id": "birch_stairs",
        "name": "白桦木楼梯"
    },
    {
        "id": "birch_trapdoor",
        "name": "白桦木活板门"
    },
    {
        "id": "birch_wall_sign",
        "name": "墙上的白桦木告示牌"
    },
    {
        "id": "birch_wood",
        "name": "白桦木"
    },
    {
        "id": "black_banner",
        "name": "黑色旗帜"
    },
    {
        "id": "black_bed",
        "name": "黑色床"
    },
    {
        "id": "black_candle",
        "name": "黑色蜡烛"
    },
    {
        "id": "black_candle_cake",
        "name": "插上黑色蜡烛的蛋糕"
    },
    {
        "id": "black_carpet",
        "name": "黑色地毯"
    },
    {
        "id": "black_concrete",
        "name": "黑色混凝土"
    },
    {
        "id": "black_concrete_powder",
        "name": "黑色混凝土粉末"
    },
    {
        "id": "black_glazed_terracotta",
        "name": "黑色带釉陶瓦"
    },
    {
        "id": "black_shulker_box",
        "name": "黑色潜影盒"
    },
    {
        "id": "black_stained_glass",
        "name": "黑色染色玻璃"
    },
    {
        "id": "black_stained_glass_pane",
        "name": "黑色染色玻璃板"
    },
    {
        "id": "black_terracotta",
        "name": "黑色陶瓦"
    },
    {
        "id": "black_wool",
        "name": "黑色羊毛"
    },
    {
        "id": "blackstone",
        "name": "黑石"
    },
    {
        "id": "blackstone_slab",
        "name": "黑石台阶"
    },
    {
        "id": "blackstone_stairs",
        "name": "黑石楼梯"
    },
    {
        "id": "blackstone_wall",
        "name": "黑石墙"
    },
    {
        "id": "blast_furnace",
        "name": "高炉"
    },
    {
        "id": "blue_banner",
        "name": "蓝色旗帜"
    },
    {
        "id": "blue_bed",
        "name": "蓝色床"
    },
    {
        "id": "blue_candle",
        "name": "蓝色蜡烛"
    },
    {
        "id": "blue_candle_cake",
        "name": "插上蓝色蜡烛的蛋糕"
    },
    {
        "id": "blue_carpet",
        "name": "蓝色地毯"
    },
    {
        "id": "blue_concrete",
        "name": "蓝色混凝土"
    },
    {
        "id": "blue_concrete_powder",
        "name": "蓝色混凝土粉末"
    },
    {
        "id": "blue_glazed_terracotta",
        "name": "蓝色带釉陶瓦"
    },
    {
        "id": "blue_ice",
        "name": "蓝冰"
    },
    {
        "id": "blue_orchid",
        "name": "兰花"
    },
    {
        "id": "blue_shulker_box",
        "name": "蓝色潜影盒"
    },
    {
        "id": "blue_stained_glass",
        "name": "蓝色染色玻璃"
    },
    {
        "id": "blue_stained_glass_pane",
        "name": "蓝色染色玻璃板"
    },
    {
        "id": "blue_terracotta",
        "name": "蓝色陶瓦"
    },
    {
        "id": "blue_wool",
        "name": "蓝色羊毛"
    },
    {
        "id": "bone_block",
        "name": "骨块"
    },
    {
        "id": "bookshelf",
        "name": "书架"
    },
    {
        "id": "brain_coral",
        "name": "脑纹珊瑚"
    },
    {
        "id": "brain_coral_block",
        "name": "脑纹珊瑚块"
    },
    {
        "id": "brain_coral_fan",
        "name": "脑纹珊瑚扇"
    },
    {
        "id": "brain_coral_wall_fan",
        "name": "墙上的脑纹珊瑚扇"
    },
    {
        "id": "brewing_stand",
        "name": "酿造台"
    },
    {
        "id": "brick_slab",
        "name": "红砖台阶"
    },
    {
        "id": "brick_stairs",
        "name": "红砖楼梯"
    },
    {
        "id": "brick_wall",
        "name": "红砖墙"
    },
    {
        "id": "bricks",
        "name": "红砖块"
    },
    {
        "id": "brown_banner",
        "name": "棕色旗帜"
    },
    {
        "id": "brown_bed",
        "name": "棕色床"
    },
    {
        "id": "brown_candle",
        "name": "棕色蜡烛"
    },
    {
        "id": "brown_candle_cake",
        "name": "插上棕色蜡烛的蛋糕"
    },
    {
        "id": "brown_carpet",
        "name": "棕色地毯"
    },
    {
        "id": "brown_concrete",
        "name": "棕色混凝土"
    },
    {
        "id": "brown_concrete_powder",
        "name": "棕色混凝土粉末"
    },
    {
        "id": "brown_glazed_terracotta",
        "name": "棕色带釉陶瓦"
    },
    {
        "id": "brown_mushroom",
        "name": "棕色蘑菇"
    },
    {
        "id": "brown_mushroom_block",
        "name": "棕色蘑菇方块"
    },
    {
        "id": "brown_shulker_box",
        "name": "棕色潜影盒"
    },
    {
        "id": "brown_stained_glass",
        "name": "棕色染色玻璃"
    },
    {
        "id": "brown_stained_glass_pane",
        "name": "棕色染色玻璃板"
    },
    {
        "id": "brown_terracotta",
        "name": "棕色陶瓦"
    },
    {
        "id": "brown_wool",
        "name": "棕色羊毛"
    },
    {
        "id": "bubble_column",
        "name": "气泡柱"
    },
    {
        "id": "bubble_coral",
        "name": "气泡珊瑚"
    },
    {
        "id": "bubble_coral_block",
        "name": "气泡珊瑚块"
    },
    {
        "id": "bubble_coral_fan",
        "name": "气泡珊瑚扇"
    },
    {
        "id": "bubble_coral_wall_fan",
        "name": "墙上的气泡珊瑚扇"
    },
    {
        "id": "budding_amethyst",
        "name": "紫水晶母岩"
    },
    {
        "id": "cactus",
        "name": "仙人掌"
    },
    {
        "id": "cake",
        "name": "蛋糕"
    },
    {
        "id": "calcite",
        "name": "方解石"
    },
    {
        "id": "campfire",
        "name": "营火"
    },
    {
        "id": "candle",
        "name": "蜡烛"
    },
    {
        "id": "candle_cake",
        "name": "插上蜡烛的蛋糕"
    },
    {
        "id": "carrots",
        "name": "胡萝卜"
    },
    {
        "id": "cartography_table",
        "name": "制图台"
    },
    {
        "id": "carved_pumpkin",
        "name": "雕刻过的南瓜"
    },
    {
        "id": "cauldron",
        "name": "炼药锅"
    },
    {
        "id": "cave_air",
        "name": "洞穴空气"
    },
    {
        "id": "cave_vines",
        "name": "洞穴藤蔓"
    },
    {
        "id": "cave_vines_plant",
        "name": "洞穴藤蔓植株"
    },
    {
        "id": "chain",
        "name": "锁链"
    },
    {
        "id": "chain_command_block",
        "name": "连锁型命令方块"
    },
    {
        "id": "chest",
        "name": "箱子"
    },
    {
        "id": "chipped_anvil",
        "name": "开裂的铁砧"
    },
    {
        "id": "chiseled_deepslate",
        "name": "錾制深板岩"
    },
    {
        "id": "chiseled_nether_bricks",
        "name": "錾制下界砖块"
    },
    {
        "id": "chiseled_polished_blackstone",
        "name": "錾制磨制黑石"
    },
    {
        "id": "chiseled_quartz_block",
        "name": "錾制石英块"
    },
    {
        "id": "chiseled_red_sandstone",
        "name": "錾制红砂岩"
    },
    {
        "id": "chiseled_sandstone",
        "name": "錾制砂岩"
    },
    {
        "id": "chiseled_stone_bricks",
        "name": "錾制石砖"
    },
    {
        "id": "chorus_flower",
        "name": "紫颂花"
    },
    {
        "id": "chorus_plant",
        "name": "紫颂植株"
    },
    {
        "id": "clay",
        "name": "黏土块"
    },
    {
        "id": "coal_block",
        "name": "煤炭块"
    },
    {
        "id": "coal_ore",
        "name": "煤矿石"
    },
    {
        "id": "coarse_dirt",
        "name": "砂土"
    },
    {
        "id": "cobbled_deepslate",
        "name": "深板岩圆石"
    },
    {
        "id": "cobbled_deepslate_slab",
        "name": "深板岩圆石台阶"
    },
    {
        "id": "cobbled_deepslate_stairs",
        "name": "深板岩圆石楼梯"
    },
    {
        "id": "cobbled_deepslate_wall",
        "name": "深板岩圆石墙"
    },
    {
        "id": "cobblestone",
        "name": "圆石"
    },
    {
        "id": "cobblestone_slab",
        "name": "圆石台阶"
    },
    {
        "id": "cobblestone_stairs",
        "name": "圆石楼梯"
    },
    {
        "id": "cobblestone_wall",
        "name": "圆石墙"
    },
    {
        "id": "cobweb",
        "name": "蜘蛛网"
    },
    {
        "id": "cocoa",
        "name": "可可果"
    },
    {
        "id": "command_block",
        "name": "命令方块"
    },
    {
        "id": "comparator",
        "name": "红石比较器"
    },
    {
        "id": "composter",
        "name": "堆肥桶"
    },
    {
        "id": "conduit",
        "name": "潮涌核心"
    },
    {
        "id": "copper_block",
        "name": "铜块"
    },
    {
        "id": "copper_ore",
        "name": "铜矿石"
    },
    {
        "id": "cornflower",
        "name": "矢车菊"
    },
    {
        "id": "cracked_deepslate_bricks",
        "name": "裂纹深板岩砖"
    },
    {
        "id": "cracked_deepslate_tiles",
        "name": "裂纹深板岩瓦"
    },
    {
        "id": "cracked_nether_bricks",
        "name": "裂纹下界砖块"
    },
    {
        "id": "cracked_polished_blackstone_bricks",
        "name": "裂纹磨制黑石砖"
    },
    {
        "id": "cracked_stone_bricks",
        "name": "裂纹石砖"
    },
    {
        "id": "crafting_table",
        "name": "工作台"
    },
    {
        "id": "creeper_head",
        "name": "苦力怕的头"
    },
    {
        "id": "creeper_wall_head",
        "name": "墙上的苦力怕的头"
    },
    {
        "id": "crimson_button",
        "name": "绯红木按钮"
    },
    {
        "id": "crimson_door",
        "name": "绯红木门"
    },
    {
        "id": "crimson_fence",
        "name": "绯红木栅栏"
    },
    {
        "id": "crimson_fence_gate",
        "name": "绯红木栅栏门"
    },
    {
        "id": "crimson_fungus",
        "name": "绯红菌"
    },
    {
        "id": "crimson_hyphae",
        "name": "绯红菌核"
    },
    {
        "id": "crimson_nylium",
        "name": "绯红菌岩"
    },
    {
        "id": "crimson_planks",
        "name": "绯红木板"
    },
    {
        "id": "crimson_pressure_plate",
        "name": "绯红木压力板"
    },
    {
        "id": "crimson_roots",
        "name": "绯红菌索"
    },
    {
        "id": "crimson_sign",
        "name": "绯红木告示牌"
    },
    {
        "id": "crimson_slab",
        "name": "绯红木台阶"
    },
    {
        "id": "crimson_stairs",
        "name": "绯红木楼梯"
    },
    {
        "id": "crimson_stem",
        "name": "绯红菌柄"
    },
    {
        "id": "crimson_trapdoor",
        "name": "绯红木活板门"
    },
    {
        "id": "crimson_wall_sign",
        "name": "墙上的绯红木告示牌"
    },
    {
        "id": "crying_obsidian",
        "name": "哭泣的黑曜石"
    },
    {
        "id": "cut_copper",
        "name": "切制铜块"
    },
    {
        "id": "cut_copper_slab",
        "name": "切制铜台阶"
    },
    {
        "id": "cut_copper_stairs",
        "name": "切制铜楼梯"
    },
    {
        "id": "cut_red_sandstone",
        "name": "切制红砂岩"
    },
    {
        "id": "cut_red_sandstone_slab",
        "name": "切制红砂岩台阶"
    },
    {
        "id": "cut_sandstone",
        "name": "切制砂岩"
    },
    {
        "id": "cut_sandstone_slab",
        "name": "切制砂岩台阶"
    },
    {
        "id": "cyan_banner",
        "name": "青色旗帜"
    },
    {
        "id": "cyan_bed",
        "name": "青色床"
    },
    {
        "id": "cyan_candle",
        "name": "青色蜡烛"
    },
    {
        "id": "cyan_candle_cake",
        "name": "插上青色蜡烛的蛋糕"
    },
    {
        "id": "cyan_carpet",
        "name": "青色地毯"
    },
    {
        "id": "cyan_concrete",
        "name": "青色混凝土"
    },
    {
        "id": "cyan_concrete_powder",
        "name": "青色混凝土粉末"
    },
    {
        "id": "cyan_glazed_terracotta",
        "name": "青色带釉陶瓦"
    },
    {
        "id": "cyan_shulker_box",
        "name": "青色潜影盒"
    },
    {
        "id": "cyan_stained_glass",
        "name": "青色染色玻璃"
    },
    {
        "id": "cyan_stained_glass_pane",
        "name": "青色染色玻璃板"
    },
    {
        "id": "cyan_terracotta",
        "name": "青色陶瓦"
    },
    {
        "id": "cyan_wool",
        "name": "青色羊毛"
    },
    {
        "id": "damaged_anvil",
        "name": "损坏的铁砧"
    },
    {
        "id": "dandelion",
        "name": "蒲公英"
    },
    {
        "id": "dark_oak_button",
        "name": "深色橡木按钮"
    },
    {
        "id": "dark_oak_door",
        "name": "深色橡木门"
    },
    {
        "id": "dark_oak_fence",
        "name": "深色橡木栅栏"
    },
    {
        "id": "dark_oak_fence_gate",
        "name": "深色橡木栅栏门"
    },
    {
        "id": "dark_oak_leaves",
        "name": "深色橡树树叶"
    },
    {
        "id": "dark_oak_log",
        "name": "深色橡木原木"
    },
    {
        "id": "dark_oak_planks",
        "name": "深色橡木木板"
    },
    {
        "id": "dark_oak_pressure_plate",
        "name": "深色橡木压力板"
    },
    {
        "id": "dark_oak_sapling",
        "name": "深色橡树树苗"
    },
    {
        "id": "dark_oak_sign",
        "name": "深色橡木告示牌"
    },
    {
        "id": "dark_oak_slab",
        "name": "深色橡木台阶"
    },
    {
        "id": "dark_oak_stairs",
        "name": "深色橡木楼梯"
    },
    {
        "id": "dark_oak_trapdoor",
        "name": "深色橡木活板门"
    },
    {
        "id": "dark_oak_wall_sign",
        "name": "墙上的深色橡木告示牌"
    },
    {
        "id": "dark_oak_wood",
        "name": "深色橡木"
    },
    {
        "id": "dark_prismarine",
        "name": "暗海晶石"
    },
    {
        "id": "dark_prismarine_slab",
        "name": "暗海晶石台阶"
    },
    {
        "id": "dark_prismarine_stairs",
        "name": "暗海晶石楼梯"
    },
    {
        "id": "daylight_detector",
        "name": "阳光探测器"
    },
    {
        "id": "dead_brain_coral",
        "name": "失活的脑纹珊瑚"
    },
    {
        "id": "dead_brain_coral_block",
        "name": "失活的脑纹珊瑚块"
    },
    {
        "id": "dead_brain_coral_fan",
        "name": "失活的脑纹珊瑚扇"
    },
    {
        "id": "dead_brain_coral_wall_fan",
        "name": "墙上的失活脑纹珊瑚扇"
    },
    {
        "id": "dead_bubble_coral",
        "name": "失活的气泡珊瑚"
    },
    {
        "id": "dead_bubble_coral_block",
        "name": "失活的气泡珊瑚块"
    },
    {
        "id": "dead_bubble_coral_fan",
        "name": "失活的气泡珊瑚扇"
    },
    {
        "id": "dead_bubble_coral_wall_fan",
        "name": "墙上的失活气泡珊瑚扇"
    },
    {
        "id": "dead_bush",
        "name": "枯萎的灌木"
    },
    {
        "id": "dead_fire_coral",
        "name": "失活的火珊瑚"
    },
    {
        "id": "dead_fire_coral_block",
        "name": "失活的火珊瑚块"
    },
    {
        "id": "dead_fire_coral_fan",
        "name": "失活的火珊瑚扇"
    },
    {
        "id": "dead_fire_coral_wall_fan",
        "name": "墙上的失活火珊瑚扇"
    },
    {
        "id": "dead_horn_coral",
        "name": "失活的鹿角珊瑚"
    },
    {
        "id": "dead_horn_coral_block",
        "name": "失活的鹿角珊瑚块"
    },
    {
        "id": "dead_horn_coral_fan",
        "name": "失活的鹿角珊瑚扇"
    },
    {
        "id": "dead_horn_coral_wall_fan",
        "name": "墙上的失活鹿角珊瑚扇"
    },
    {
        "id": "dead_tube_coral",
        "name": "失活的管珊瑚"
    },
    {
        "id": "dead_tube_coral_block",
        "name": "失活的管珊瑚块"
    },
    {
        "id": "dead_tube_coral_fan",
        "name": "失活的管珊瑚扇"
    },
    {
        "id": "dead_tube_coral_wall_fan",
        "name": "墙上的失活管珊瑚扇"
    },
    {
        "id": "deepslate",
        "name": "深板岩"
    },
    {
        "id": "deepslate_brick_slab",
        "name": "深板岩砖台阶"
    },
    {
        "id": "deepslate_brick_stairs",
        "name": "深板岩砖楼梯"
    },
    {
        "id": "deepslate_brick_wall",
        "name": "深板岩砖墙"
    },
    {
        "id": "deepslate_bricks",
        "name": "深板岩砖"
    },
    {
        "id": "deepslate_coal_ore",
        "name": "深层煤矿石"
    },
    {
        "id": "deepslate_copper_ore",
        "name": "深层铜矿石"
    },
    {
        "id": "deepslate_diamond_ore",
        "name": "深层钻石矿石"
    },
    {
        "id": "deepslate_emerald_ore",
        "name": "深层绿宝石矿石"
    },
    {
        "id": "deepslate_gold_ore",
        "name": "深层金矿石"
    },
    {
        "id": "deepslate_iron_ore",
        "name": "深层铁矿石"
    },
    {
        "id": "deepslate_lapis_ore",
        "name": "深层青金石矿石"
    },
    {
        "id": "deepslate_redstone_ore",
        "name": "深层红石矿石"
    },
    {
        "id": "deepslate_tile_slab",
        "name": "深板岩瓦台阶"
    },
    {
        "id": "deepslate_tile_stairs",
        "name": "深板岩瓦楼梯"
    },
    {
        "id": "deepslate_tile_wall",
        "name": "深板岩瓦墙"
    },
    {
        "id": "deepslate_tiles",
        "name": "深板岩瓦"
    },
    {
        "id": "detector_rail",
        "name": "探测铁轨"
    },
    {
        "id": "diamond_block",
        "name": "钻石块"
    },
    {
        "id": "diamond_ore",
        "name": "钻石矿石"
    },
    {
        "id": "diorite",
        "name": "闪长岩"
    },
    {
        "id": "diorite_slab",
        "name": "闪长岩台阶"
    },
    {
        "id": "diorite_stairs",
        "name": "闪长岩楼梯"
    },
    {
        "id": "diorite_wall",
        "name": "闪长岩墙"
    },
    {
        "id": "dirt",
        "name": "泥土"
    },
    {
        "id": "dirt_path",
        "name": "土径"
    },
    {
        "id": "dispenser",
        "name": "发射器"
    },
    {
        "id": "dragon_egg",
        "name": "龙蛋"
    },
    {
        "id": "dragon_head",
        "name": "龙首"
    },
    {
        "id": "dragon_wall_head",
        "name": "墙上的龙首"
    },
    {
        "id": "dried_kelp_block",
        "name": "干海带块"
    },
    {
        "id": "dripstone_block",
        "name": "滴水石块"
    },
    {
        "id": "dropper",
        "name": "投掷器"
    },
    {
        "id": "emerald_block",
        "name": "绿宝石块"
    },
    {
        "id": "emerald_ore",
        "name": "绿宝石矿石"
    },
    {
        "id": "enchanting_table",
        "name": "附魔台"
    },
    {
        "id": "end_gateway",
        "name": "末地折跃门"
    },
    {
        "id": "end_portal",
        "name": "末地传送门"
    },
    {
        "id": "end_portal_frame",
        "name": "末地传送门框架"
    },
    {
        "id": "end_rod",
        "name": "末地烛"
    },
    {
        "id": "end_stone",
        "name": "末地石"
    },
    {
        "id": "end_stone_brick_slab",
        "name": "末地石砖台阶"
    },
    {
        "id": "end_stone_brick_stairs",
        "name": "末地石砖楼梯"
    },
    {
        "id": "end_stone_brick_wall",
        "name": "末地石砖墙"
    },
    {
        "id": "end_stone_bricks",
        "name": "末地石砖"
    },
    {
        "id": "ender_chest",
        "name": "末影箱"
    },
    {
        "id": "exposed_copper",
        "name": "斑驳的铜块"
    },
    {
        "id": "exposed_cut_copper",
        "name": "斑驳的切制铜块"
    },
    {
        "id": "exposed_cut_copper_slab",
        "name": "斑驳的切制铜台阶"
    },
    {
        "id": "exposed_cut_copper_stairs",
        "name": "斑驳的切制铜楼梯"
    },
    {
        "id": "farmland",
        "name": "耕地"
    },
    {
        "id": "fern",
        "name": "蕨"
    },
    {
        "id": "fire",
        "name": "火"
    },
    {
        "id": "fire_coral",
        "name": "火珊瑚"
    },
    {
        "id": "fire_coral_block",
        "name": "火珊瑚块"
    },
    {
        "id": "fire_coral_fan",
        "name": "火珊瑚扇"
    },
    {
        "id": "fire_coral_wall_fan",
        "name": "墙上的火珊瑚扇"
    },
    {
        "id": "fletching_table",
        "name": "制箭台"
    },
    {
        "id": "flower_pot",
        "name": "花盆"
    },
    {
        "id": "flowering_azalea",
        "name": "盛开的杜鹃花丛"
    },
    {
        "id": "flowering_azalea_leaves",
        "name": "盛开的杜鹃树叶"
    },
    {
        "id": "frogspawn",
        "name": "青蛙卵"
    },
    {
        "id": "frosted_ice",
        "name": "霜冰"
    },
    {
        "id": "furnace",
        "name": "熔炉"
    },
    {
        "id": "gilded_blackstone",
        "name": "镶金黑石"
    },
    {
        "id": "glass",
        "name": "玻璃"
    },
    {
        "id": "glass_pane",
        "name": "玻璃板"
    },
    {
        "id": "glow_lichen",
        "name": "发光地衣"
    },
    {
        "id": "glowstone",
        "name": "荧石"
    },
    {
        "id": "gold_block",
        "name": "金块"
    },
    {
        "id": "gold_ore",
        "name": "金矿石"
    },
    {
        "id": "granite",
        "name": "花岗岩"
    },
    {
        "id": "granite_slab",
        "name": "花岗岩台阶"
    },
    {
        "id": "granite_stairs",
        "name": "花岗岩楼梯"
    },
    {
        "id": "granite_wall",
        "name": "花岗岩墙"
    },
    {
        "id": "grass",
        "name": "草"
    },
    {
        "id": "grass_block",
        "name": "草方块"
    },
    {
        "id": "gravel",
        "name": "沙砾"
    },
    {
        "id": "gray_banner",
        "name": "灰色旗帜"
    },
    {
        "id": "gray_bed",
        "name": "灰色床"
    },
    {
        "id": "gray_candle",
        "name": "灰色蜡烛"
    },
    {
        "id": "gray_candle_cake",
        "name": "插上灰色蜡烛的蛋糕"
    },
    {
        "id": "gray_carpet",
        "name": "灰色地毯"
    },
    {
        "id": "gray_concrete",
        "name": "灰色混凝土"
    },
    {
        "id": "gray_concrete_powder",
        "name": "灰色混凝土粉末"
    },
    {
        "id": "gray_glazed_terracotta",
        "name": "灰色带釉陶瓦"
    },
    {
        "id": "gray_shulker_box",
        "name": "灰色潜影盒"
    },
    {
        "id": "gray_stained_glass",
        "name": "灰色染色玻璃"
    },
    {
        "id": "gray_stained_glass_pane",
        "name": "灰色染色玻璃板"
    },
    {
        "id": "gray_terracotta",
        "name": "灰色陶瓦"
    },
    {
        "id": "gray_wool",
        "name": "灰色羊毛"
    },
    {
        "id": "green_banner",
        "name": "绿色旗帜"
    },
    {
        "id": "green_bed",
        "name": "绿色床"
    },
    {
        "id": "green_candle",
        "name": "绿色蜡烛"
    },
    {
        "id": "green_candle_cake",
        "name": "插上绿色蜡烛的蛋糕"
    },
    {
        "id": "green_carpet",
        "name": "绿色地毯"
    },
    {
        "id": "green_concrete",
        "name": "绿色混凝土"
    },
    {
        "id": "green_concrete_powder",
        "name": "绿色混凝土粉末"
    },
    {
        "id": "green_glazed_terracotta",
        "name": "绿色带釉陶瓦"
    },
    {
        "id": "green_shulker_box",
        "name": "绿色潜影盒"
    },
    {
        "id": "green_stained_glass",
        "name": "绿色染色玻璃"
    },
    {
        "id": "green_stained_glass_pane",
        "name": "绿色染色玻璃板"
    },
    {
        "id": "green_terracotta",
        "name": "绿色陶瓦"
    },
    {
        "id": "green_wool",
        "name": "绿色羊毛"
    },
    {
        "id": "grindstone",
        "name": "砂轮"
    },
    {
        "id": "hanging_roots",
        "name": "垂根"
    },
    {
        "id": "hay_block",
        "name": "干草块"
    },
    {
        "id": "heavy_weighted_pressure_plate",
        "name": "重质测重压力板"
    },
    {
        "id": "honey_block",
        "name": "蜂蜜块"
    },
    {
        "id": "honeycomb_block",
        "name": "蜜脾块"
    },
    {
        "id": "hopper",
        "name": "漏斗"
    },
    {
        "id": "horn_coral",
        "name": "鹿角珊瑚"
    },
    {
        "id": "horn_coral_block",
        "name": "鹿角珊瑚块"
    },
    {
        "id": "horn_coral_fan",
        "name": "鹿角珊瑚扇"
    },
    {
        "id": "horn_coral_wall_fan",
        "name": "墙上的鹿角珊瑚扇"
    },
    {
        "id": "ice",
        "name": "冰"
    },
    {
        "id": "infested_chiseled_stone_bricks",
        "name": "被虫蚀的錾制石砖"
    },
    {
        "id": "infested_cobblestone",
        "name": "被虫蚀的圆石"
    },
    {
        "id": "infested_cracked_stone_bricks",
        "name": "被虫蚀的裂纹石砖"
    },
    {
        "id": "infested_deepslate",
        "name": "被虫蚀的深板岩"
    },
    {
        "id": "infested_mossy_stone_bricks",
        "name": "被虫蚀的苔石砖"
    },
    {
        "id": "infested_stone",
        "name": "被虫蚀的石头"
    },
    {
        "id": "infested_stone_bricks",
        "name": "被虫蚀的石砖"
    },
    {
        "id": "iron_bars",
        "name": "铁栏杆"
    },
    {
        "id": "iron_block",
        "name": "铁块"
    },
    {
        "id": "iron_door",
        "name": "铁门"
    },
    {
        "id": "iron_ore",
        "name": "铁矿石"
    },
    {
        "id": "iron_trapdoor",
        "name": "铁活板门"
    },
    {
        "id": "jack_o_lantern",
        "name": "南瓜灯"
    },
    {
        "id": "jigsaw",
        "name": "拼图方块"
    },
    {
        "id": "jukebox",
        "name": "唱片机"
    },
    {
        "id": "jungle_button",
        "name": "丛林木按钮"
    },
    {
        "id": "jungle_door",
        "name": "丛林木门"
    },
    {
        "id": "jungle_fence",
        "name": "丛林木栅栏"
    },
    {
        "id": "jungle_fence_gate",
        "name": "丛林木栅栏门"
    },
    {
        "id": "jungle_leaves",
        "name": "丛林树叶"
    },
    {
        "id": "jungle_log",
        "name": "丛林原木"
    },
    {
        "id": "jungle_planks",
        "name": "丛林木板"
    },
    {
        "id": "jungle_pressure_plate",
        "name": "丛林木压力板"
    },
    {
        "id": "jungle_sapling",
        "name": "丛林树苗"
    },
    {
        "id": "jungle_sign",
        "name": "丛林木告示牌"
    },
    {
        "id": "jungle_slab",
        "name": "丛林木台阶"
    },
    {
        "id": "jungle_stairs",
        "name": "丛林木楼梯"
    },
    {
        "id": "jungle_trapdoor",
        "name": "丛林木活板门"
    },
    {
        "id": "jungle_wall_sign",
        "name": "墙上的丛林木告示牌"
    },
    {
        "id": "jungle_wood",
        "name": "丛林木"
    },
    {
        "id": "kelp",
        "name": "海带"
    },
    {
        "id": "kelp_plant",
        "name": "海带植株"
    },
    {
        "id": "ladder",
        "name": "梯子"
    },
    {
        "id": "lantern",
        "name": "灯笼"
    },
    {
        "id": "lapis_block",
        "name": "青金石块"
    },
    {
        "id": "lapis_ore",
        "name": "青金石矿石"
    },
    {
        "id": "large_amethyst_bud",
        "name": "大型紫晶芽"
    },
    {
        "id": "large_fern",
        "name": "大型蕨"
    },
    {
        "id": "lava",
        "name": "熔岩"
    },
    {
        "id": "lava_cauldron",
        "name": "装有熔岩的炼药锅"
    },
    {
        "id": "lectern",
        "name": "讲台"
    },
    {
        "id": "lever",
        "name": "拉杆"
    },
    {
        "id": "light",
        "name": "光源方块"
    },
    {
        "id": "light_blue_banner",
        "name": "淡蓝色旗帜"
    },
    {
        "id": "light_blue_bed",
        "name": "淡蓝色床"
    },
    {
        "id": "light_blue_candle",
        "name": "淡蓝色蜡烛"
    },
    {
        "id": "light_blue_candle_cake",
        "name": "插上淡蓝色蜡烛的蛋糕"
    },
    {
        "id": "light_blue_carpet",
        "name": "淡蓝色地毯"
    },
    {
        "id": "light_blue_concrete",
        "name": "淡蓝色混凝土"
    },
    {
        "id": "light_blue_concrete_powder",
        "name": "淡蓝色混凝土粉末"
    },
    {
        "id": "light_blue_glazed_terracotta",
        "name": "淡蓝色带釉陶瓦"
    },
    {
        "id": "light_blue_shulker_box",
        "name": "淡蓝色潜影盒"
    },
    {
        "id": "light_blue_stained_glass",
        "name": "淡蓝色染色玻璃"
    },
    {
        "id": "light_blue_stained_glass_pane",
        "name": "淡蓝色染色玻璃板"
    },
    {
        "id": "light_blue_terracotta",
        "name": "淡蓝色陶瓦"
    },
    {
        "id": "light_blue_wool",
        "name": "淡蓝色羊毛"
    },
    {
        "id": "light_gray_banner",
        "name": "淡灰色旗帜"
    },
    {
        "id": "light_gray_bed",
        "name": "淡灰色床"
    },
    {
        "id": "light_gray_candle",
        "name": "淡灰色蜡烛"
    },
    {
        "id": "light_gray_candle_cake",
        "name": "插上淡灰色蜡烛的蛋糕"
    },
    {
        "id": "light_gray_carpet",
        "name": "淡灰色地毯"
    },
    {
        "id": "light_gray_concrete",
        "name": "淡灰色混凝土"
    },
    {
        "id": "light_gray_concrete_powder",
        "name": "淡灰色混凝土粉末"
    },
    {
        "id": "light_gray_glazed_terracotta",
        "name": "淡灰色带釉陶瓦"
    },
    {
        "id": "light_gray_shulker_box",
        "name": "淡灰色潜影盒"
    },
    {
        "id": "light_gray_stained_glass",
        "name": "淡灰色染色玻璃"
    },
    {
        "id": "light_gray_stained_glass_pane",
        "name": "淡灰色染色玻璃板"
    },
    {
        "id": "light_gray_terracotta",
        "name": "淡灰色陶瓦"
    },
    {
        "id": "light_gray_wool",
        "name": "淡灰色羊毛"
    },
    {
        "id": "light_weighted_pressure_plate",
        "name": "轻质测重压力板"
    },
    {
        "id": "lightning_rod",
        "name": "避雷针"
    },
    {
        "id": "lilac",
        "name": "丁香"
    },
    {
        "id": "lily_of_the_valley",
        "name": "铃兰"
    },
    {
        "id": "lily_pad",
        "name": "睡莲"
    },
    {
        "id": "lime_banner",
        "name": "黄绿色旗帜"
    },
    {
        "id": "lime_bed",
        "name": "黄绿色床"
    },
    {
        "id": "lime_candle",
        "name": "黄绿色蜡烛"
    },
    {
        "id": "lime_candle_cake",
        "name": "插上黄绿色蜡烛的蛋糕"
    },
    {
        "id": "lime_carpet",
        "name": "黄绿色地毯"
    },
    {
        "id": "lime_concrete",
        "name": "黄绿色混凝土"
    },
    {
        "id": "lime_concrete_powder",
        "name": "黄绿色混凝土粉末"
    },
    {
        "id": "lime_glazed_terracotta",
        "name": "黄绿色带釉陶瓦"
    },
    {
        "id": "lime_shulker_box",
        "name": "黄绿色潜影盒"
    },
    {
        "id": "lime_stained_glass",
        "name": "黄绿色染色玻璃"
    },
    {
        "id": "lime_stained_glass_pane",
        "name": "黄绿色染色玻璃板"
    },
    {
        "id": "lime_terracotta",
        "name": "黄绿色陶瓦"
    },
    {
        "id": "lime_wool",
        "name": "黄绿色羊毛"
    },
    {
        "id": "lodestone",
        "name": "磁石"
    },
    {
        "id": "loom",
        "name": "织布机"
    },
    {
        "id": "magenta_banner",
        "name": "品红色旗帜"
    },
    {
        "id": "magenta_bed",
        "name": "品红色床"
    },
    {
        "id": "magenta_candle",
        "name": "品红色蜡烛"
    },
    {
        "id": "magenta_candle_cake",
        "name": "插上品红色蜡烛的蛋糕"
    },
    {
        "id": "magenta_carpet",
        "name": "品红色地毯"
    },
    {
        "id": "magenta_concrete",
        "name": "品红色混凝土"
    },
    {
        "id": "magenta_concrete_powder",
        "name": "品红色混凝土粉末"
    },
    {
        "id": "magenta_glazed_terracotta",
        "name": "品红色带釉陶瓦"
    },
    {
        "id": "magenta_shulker_box",
        "name": "品红色潜影盒"
    },
    {
        "id": "magenta_stained_glass",
        "name": "品红色染色玻璃"
    },
    {
        "id": "magenta_stained_glass_pane",
        "name": "品红色染色玻璃板"
    },
    {
        "id": "magenta_terracotta",
        "name": "品红色陶瓦"
    },
    {
        "id": "magenta_wool",
        "name": "品红色羊毛"
    },
    {
        "id": "magma_block",
        "name": "岩浆块"
    },
    {
        "id": "mangrove_button",
        "name": "红树木按钮"
    },
    {
        "id": "mangrove_door",
        "name": "红树木门"
    },
    {
        "id": "mangrove_fence",
        "name": "红树木栅栏"
    },
    {
        "id": "mangrove_fence_gate",
        "name": "红树木栅栏门"
    },
    {
        "id": "mangrove_leaves",
        "name": "红树树叶"
    },
    {
        "id": "mangrove_log",
        "name": "红树原木"
    },
    {
        "id": "mangrove_planks",
        "name": "红树木板"
    },
    {
        "id": "mangrove_pressure_plate",
        "name": "红树木压力板"
    },
    {
        "id": "mangrove_propagule",
        "name": "红树胎生苗"
    },
    {
        "id": "mangrove_roots",
        "name": "红树根"
    },
    {
        "id": "mangrove_sign",
        "name": "红树木告示牌"
    },
    {
        "id": "mangrove_slab",
        "name": "红树木台阶"
    },
    {
        "id": "mangrove_stairs",
        "name": "红树木楼梯"
    },
    {
        "id": "mangrove_trapdoor",
        "name": "红树木活板门"
    },
    {
        "id": "mangrove_wall_sign",
        "name": "墙上的红树木告示牌"
    },
    {
        "id": "mangrove_wood",
        "name": "红树木"
    },
    {
        "id": "medium_amethyst_bud",
        "name": "中型紫晶芽"
    },
    {
        "id": "melon",
        "name": "西瓜"
    },
    {
        "id": "melon_stem",
        "name": "西瓜茎"
    },
    {
        "id": "moss_block",
        "name": "苔藓块"
    },
    {
        "id": "moss_carpet",
        "name": "苔藓地毯"
    },
    {
        "id": "mossy_cobblestone",
        "name": "苔石"
    },
    {
        "id": "mossy_cobblestone_slab",
        "name": "苔石台阶"
    },
    {
        "id": "mossy_cobblestone_stairs",
        "name": "苔石楼梯"
    },
    {
        "id": "mossy_cobblestone_wall",
        "name": "苔石墙"
    },
    {
        "id": "mossy_stone_brick_slab",
        "name": "苔石砖台阶"
    },
    {
        "id": "mossy_stone_brick_stairs",
        "name": "苔石砖楼梯"
    },
    {
        "id": "mossy_stone_brick_wall",
        "name": "苔石砖墙"
    },
    {
        "id": "mossy_stone_bricks",
        "name": "苔石砖"
    },
    {
        "id": "moving_piston",
        "name": "移动的活塞"
    },
    {
        "id": "mud",
        "name": "泥巴"
    },
    {
        "id": "mud_brick_slab",
        "name": "泥砖台阶"
    },
    {
        "id": "mud_brick_stairs",
        "name": "泥砖楼梯"
    },
    {
        "id": "mud_brick_wall",
        "name": "泥砖墙"
    },
    {
        "id": "mud_bricks",
        "name": "泥砖"
    },
    {
        "id": "muddy_mangrove_roots",
        "name": "沾泥的红树根"
    },
    {
        "id": "mushroom_stem",
        "name": "蘑菇柄"
    },
    {
        "id": "mycelium",
        "name": "菌丝"
    },
    {
        "id": "nether_brick_fence",
        "name": "下界砖栅栏"
    },
    {
        "id": "nether_brick_slab",
        "name": "下界砖台阶"
    },
    {
        "id": "nether_brick_stairs",
        "name": "下界砖楼梯"
    },
    {
        "id": "nether_brick_wall",
        "name": "下界砖墙"
    },
    {
        "id": "nether_bricks",
        "name": "下界砖块"
    },
    {
        "id": "nether_gold_ore",
        "name": "下界金矿石"
    },
    {
        "id": "nether_portal",
        "name": "下界传送门"
    },
    {
        "id": "nether_quartz_ore",
        "name": "下界石英矿石"
    },
    {
        "id": "nether_sprouts",
        "name": "下界苗"
    },
    {
        "id": "nether_wart",
        "name": "下界疣"
    },
    {
        "id": "nether_wart_block",
        "name": "下界疣块"
    },
    {
        "id": "netherite_block",
        "name": "下界合金块"
    },
    {
        "id": "netherrack",
        "name": "下界岩"
    },
    {
        "id": "note_block",
        "name": "音符盒"
    },
    {
        "id": "oak_button",
        "name": "橡木按钮"
    },
    {
        "id": "oak_door",
        "name": "橡木门"
    },
    {
        "id": "oak_fence",
        "name": "橡木栅栏"
    },
    {
        "id": "oak_fence_gate",
        "name": "橡木栅栏门"
    },
    {
        "id": "oak_leaves",
        "name": "橡树树叶"
    },
    {
        "id": "oak_log",
        "name": "橡木原木"
    },
    {
        "id": "oak_planks",
        "name": "橡木木板"
    },
    {
        "id": "oak_pressure_plate",
        "name": "橡木压力板"
    },
    {
        "id": "oak_sapling",
        "name": "橡树树苗"
    },
    {
        "id": "oak_sign",
        "name": "橡木告示牌"
    },
    {
        "id": "oak_slab",
        "name": "橡木台阶"
    },
    {
        "id": "oak_stairs",
        "name": "橡木楼梯"
    },
    {
        "id": "oak_trapdoor",
        "name": "橡木活板门"
    },
    {
        "id": "oak_wall_sign",
        "name": "墙上的橡木告示牌"
    },
    {
        "id": "oak_wood",
        "name": "橡木"
    },
    {
        "id": "observer",
        "name": "侦测器"
    },
    {
        "id": "obsidian",
        "name": "黑曜石"
    },
    {
        "id": "ochre_froglight",
        "name": "赭黄蛙明灯"
    },
    {
        "id": "ominous_banner",
        "name": "灾厄旗帜"
    },
    {
        "id": "orange_banner",
        "name": "橙色旗帜"
    },
    {
        "id": "orange_bed",
        "name": "橙色床"
    },
    {
        "id": "orange_candle",
        "name": "橙色蜡烛"
    },
    {
        "id": "orange_candle_cake",
        "name": "插上橙色蜡烛的蛋糕"
    },
    {
        "id": "orange_carpet",
        "name": "橙色地毯"
    },
    {
        "id": "orange_concrete",
        "name": "橙色混凝土"
    },
    {
        "id": "orange_concrete_powder",
        "name": "橙色混凝土粉末"
    },
    {
        "id": "orange_glazed_terracotta",
        "name": "橙色带釉陶瓦"
    },
    {
        "id": "orange_shulker_box",
        "name": "橙色潜影盒"
    },
    {
        "id": "orange_stained_glass",
        "name": "橙色染色玻璃"
    },
    {
        "id": "orange_stained_glass_pane",
        "name": "橙色染色玻璃板"
    },
    {
        "id": "orange_terracotta",
        "name": "橙色陶瓦"
    },
    {
        "id": "orange_tulip",
        "name": "橙色郁金香"
    },
    {
        "id": "orange_wool",
        "name": "橙色羊毛"
    },
    {
        "id": "oxeye_daisy",
        "name": "滨菊"
    },
    {
        "id": "oxidized_copper",
        "name": "氧化的铜块"
    },
    {
        "id": "oxidized_cut_copper",
        "name": "氧化的切制铜块"
    },
    {
        "id": "oxidized_cut_copper_slab",
        "name": "氧化的切制铜台阶"
    },
    {
        "id": "oxidized_cut_copper_stairs",
        "name": "氧化的切制铜楼梯"
    },
    {
        "id": "packed_ice",
        "name": "浮冰"
    },
    {
        "id": "packed_mud",
        "name": "泥坯"
    },
    {
        "id": "pearlescent_froglight",
        "name": "珠光蛙明灯"
    },
    {
        "id": "peony",
        "name": "牡丹"
    },
    {
        "id": "petrified_oak_slab",
        "name": "石化橡木台阶"
    },
    {
        "id": "pink_banner",
        "name": "粉红色旗帜"
    },
    {
        "id": "pink_bed",
        "name": "粉红色床"
    },
    {
        "id": "pink_candle",
        "name": "粉红色蜡烛"
    },
    {
        "id": "pink_candle_cake",
        "name": "插上粉红色蜡烛的蛋糕"
    },
    {
        "id": "pink_carpet",
        "name": "粉红色地毯"
    },
    {
        "id": "pink_concrete",
        "name": "粉红色混凝土"
    },
    {
        "id": "pink_concrete_powder",
        "name": "粉红色混凝土粉末"
    },
    {
        "id": "pink_glazed_terracotta",
        "name": "粉红色带釉陶瓦"
    },
    {
        "id": "pink_shulker_box",
        "name": "粉红色潜影盒"
    },
    {
        "id": "pink_stained_glass",
        "name": "粉红色染色玻璃"
    },
    {
        "id": "pink_stained_glass_pane",
        "name": "粉红色染色玻璃板"
    },
    {
        "id": "pink_terracotta",
        "name": "粉红色陶瓦"
    },
    {
        "id": "pink_tulip",
        "name": "粉红色郁金香"
    },
    {
        "id": "pink_wool",
        "name": "粉红色羊毛"
    },
    {
        "id": "piston",
        "name": "活塞"
    },
    {
        "id": "piston_head",
        "name": "活塞头"
    },
    {
        "id": "player_head",
        "name": "玩家的头"
    },
    {
        "id": "player_wall_head",
        "name": "墙上的玩家的头"
    },
    {
        "id": "podzol",
        "name": "灰化土"
    },
    {
        "id": "pointed_dripstone",
        "name": "滴水石锥"
    },
    {
        "id": "polished_andesite",
        "name": "磨制安山岩"
    },
    {
        "id": "polished_andesite_slab",
        "name": "磨制安山岩台阶"
    },
    {
        "id": "polished_andesite_stairs",
        "name": "磨制安山岩楼梯"
    },
    {
        "id": "polished_basalt",
        "name": "磨制玄武岩"
    },
    {
        "id": "polished_blackstone",
        "name": "磨制黑石"
    },
    {
        "id": "polished_blackstone_brick_slab",
        "name": "磨制黑石砖台阶"
    },
    {
        "id": "polished_blackstone_brick_stairs",
        "name": "磨制黑石砖楼梯"
    },
    {
        "id": "polished_blackstone_brick_wall",
        "name": "磨制黑石砖墙"
    },
    {
        "id": "polished_blackstone_bricks",
        "name": "磨制黑石砖"
    },
    {
        "id": "polished_blackstone_button",
        "name": "磨制黑石按钮"
    },
    {
        "id": "polished_blackstone_pressure_plate",
        "name": "磨制黑石压力板"
    },
    {
        "id": "polished_blackstone_slab",
        "name": "磨制黑石台阶"
    },
    {
        "id": "polished_blackstone_stairs",
        "name": "磨制黑石楼梯"
    },
    {
        "id": "polished_blackstone_wall",
        "name": "磨制黑石墙"
    },
    {
        "id": "polished_deepslate",
        "name": "磨制深板岩"
    },
    {
        "id": "polished_deepslate_slab",
        "name": "磨制深板岩台阶"
    },
    {
        "id": "polished_deepslate_stairs",
        "name": "磨制深板岩楼梯"
    },
    {
        "id": "polished_deepslate_wall",
        "name": "磨制深板岩墙"
    },
    {
        "id": "polished_diorite",
        "name": "磨制闪长岩"
    },
    {
        "id": "polished_diorite_slab",
        "name": "磨制闪长岩台阶"
    },
    {
        "id": "polished_diorite_stairs",
        "name": "磨制闪长岩楼梯"
    },
    {
        "id": "polished_granite",
        "name": "磨制花岗岩"
    },
    {
        "id": "polished_granite_slab",
        "name": "磨制花岗岩台阶"
    },
    {
        "id": "polished_granite_stairs",
        "name": "磨制花岗岩楼梯"
    },
    {
        "id": "poppy",
        "name": "虞美人"
    },
    {
        "id": "potatoes",
        "name": "马铃薯"
    },
    {
        "id": "potted_acacia_sapling",
        "name": "金合欢树苗盆栽"
    },
    {
        "id": "potted_allium",
        "name": "绒球葱盆栽"
    },
    {
        "id": "potted_azalea_bush",
        "name": "杜鹃花丛盆栽"
    },
    {
        "id": "potted_azure_bluet",
        "name": "蓝花美耳草盆栽"
    },
    {
        "id": "potted_bamboo",
        "name": "竹子盆栽"
    },
    {
        "id": "potted_birch_sapling",
        "name": "白桦树苗盆栽"
    },
    {
        "id": "potted_blue_orchid",
        "name": "兰花盆栽"
    },
    {
        "id": "potted_brown_mushroom",
        "name": "棕色蘑菇盆栽"
    },
    {
        "id": "potted_cactus",
        "name": "仙人掌盆栽"
    },
    {
        "id": "potted_cornflower",
        "name": "矢车菊盆栽"
    },
    {
        "id": "potted_crimson_fungus",
        "name": "绯红菌盆栽"
    },
    {
        "id": "potted_crimson_roots",
        "name": "绯红菌索盆栽"
    },
    {
        "id": "potted_dandelion",
        "name": "蒲公英盆栽"
    },
    {
        "id": "potted_dark_oak_sapling",
        "name": "深色橡树树苗盆栽"
    },
    {
        "id": "potted_dead_bush",
        "name": "枯萎的灌木盆栽"
    },
    {
        "id": "potted_fern",
        "name": "蕨盆栽"
    },
    {
        "id": "potted_flowering_azalea_bush",
        "name": "盛开的杜鹃花丛盆栽"
    },
    {
        "id": "potted_jungle_sapling",
        "name": "丛林树苗盆栽"
    },
    {
        "id": "potted_lily_of_the_valley",
        "name": "铃兰盆栽"
    },
    {
        "id": "potted_mangrove_propagule",
        "name": "红树胎生苗盆栽"
    },
    {
        "id": "potted_oak_sapling",
        "name": "橡树树苗盆栽"
    },
    {
        "id": "potted_orange_tulip",
        "name": "橙色郁金香盆栽"
    },
    {
        "id": "potted_oxeye_daisy",
        "name": "滨菊盆栽"
    },
    {
        "id": "potted_pink_tulip",
        "name": "粉红色郁金香盆栽"
    },
    {
        "id": "potted_poppy",
        "name": "虞美人盆栽"
    },
    {
        "id": "potted_red_mushroom",
        "name": "红色蘑菇盆栽"
    },
    {
        "id": "potted_red_tulip",
        "name": "红色郁金香盆栽"
    },
    {
        "id": "potted_spruce_sapling",
        "name": "云杉树苗盆栽"
    },
    {
        "id": "potted_warped_fungus",
        "name": "诡异菌盆栽"
    },
    {
        "id": "potted_warped_roots",
        "name": "诡异菌索盆栽"
    },
    {
        "id": "potted_white_tulip",
        "name": "白色郁金香盆栽"
    },
    {
        "id": "potted_wither_rose",
        "name": "凋零玫瑰盆栽"
    },
    {
        "id": "powder_snow",
        "name": "细雪"
    },
    {
        "id": "powder_snow_cauldron",
        "name": "装有细雪的炼药锅"
    },
    {
        "id": "powered_rail",
        "name": "动力铁轨"
    },
    {
        "id": "prismarine",
        "name": "海晶石"
    },
    {
        "id": "prismarine_brick_slab",
        "name": "海晶石砖台阶"
    },
    {
        "id": "prismarine_brick_stairs",
        "name": "海晶石砖楼梯"
    },
    {
        "id": "prismarine_bricks",
        "name": "海晶石砖"
    },
    {
        "id": "prismarine_slab",
        "name": "海晶石台阶"
    },
    {
        "id": "prismarine_stairs",
        "name": "海晶石楼梯"
    },
    {
        "id": "prismarine_wall",
        "name": "海晶石墙"
    },
    {
        "id": "pumpkin",
        "name": "南瓜"
    },
    {
        "id": "pumpkin_stem",
        "name": "南瓜茎"
    },
    {
        "id": "purple_banner",
        "name": "紫色旗帜"
    },
    {
        "id": "purple_bed",
        "name": "紫色床"
    },
    {
        "id": "purple_candle",
        "name": "紫色蜡烛"
    },
    {
        "id": "purple_candle_cake",
        "name": "插上紫色蜡烛的蛋糕"
    },
    {
        "id": "purple_carpet",
        "name": "紫色地毯"
    },
    {
        "id": "purple_concrete",
        "name": "紫色混凝土"
    },
    {
        "id": "purple_concrete_powder",
        "name": "紫色混凝土粉末"
    },
    {
        "id": "purple_glazed_terracotta",
        "name": "紫色带釉陶瓦"
    },
    {
        "id": "purple_shulker_box",
        "name": "紫色潜影盒"
    },
    {
        "id": "purple_stained_glass",
        "name": "紫色染色玻璃"
    },
    {
        "id": "purple_stained_glass_pane",
        "name": "紫色染色玻璃板"
    },
    {
        "id": "purple_terracotta",
        "name": "紫色陶瓦"
    },
    {
        "id": "purple_wool",
        "name": "紫色羊毛"
    },
    {
        "id": "purpur_block",
        "name": "紫珀块"
    },
    {
        "id": "purpur_pillar",
        "name": "紫珀柱"
    },
    {
        "id": "purpur_slab",
        "name": "紫珀台阶"
    },
    {
        "id": "purpur_stairs",
        "name": "紫珀楼梯"
    },
    {
        "id": "quartz_block",
        "name": "石英块"
    },
    {
        "id": "quartz_bricks",
        "name": "石英砖"
    },
    {
        "id": "quartz_pillar",
        "name": "石英柱"
    },
    {
        "id": "quartz_slab",
        "name": "石英台阶"
    },
    {
        "id": "quartz_stairs",
        "name": "石英楼梯"
    },
    {
        "id": "rail",
        "name": "铁轨"
    },
    {
        "id": "raw_copper_block",
        "name": "粗铜块"
    },
    {
        "id": "raw_gold_block",
        "name": "粗金块"
    },
    {
        "id": "raw_iron_block",
        "name": "粗铁块"
    },
    {
        "id": "red_banner",
        "name": "红色旗帜"
    },
    {
        "id": "red_bed",
        "name": "红色床"
    },
    {
        "id": "red_candle",
        "name": "红色蜡烛"
    },
    {
        "id": "red_candle_cake",
        "name": "插上红色蜡烛的蛋糕"
    },
    {
        "id": "red_carpet",
        "name": "红色地毯"
    },
    {
        "id": "red_concrete",
        "name": "红色混凝土"
    },
    {
        "id": "red_concrete_powder",
        "name": "红色混凝土粉末"
    },
    {
        "id": "red_glazed_terracotta",
        "name": "红色带釉陶瓦"
    },
    {
        "id": "red_mushroom",
        "name": "红色蘑菇"
    },
    {
        "id": "red_mushroom_block",
        "name": "红色蘑菇方块"
    },
    {
        "id": "red_nether_brick_slab",
        "name": "红色下界砖台阶"
    },
    {
        "id": "red_nether_brick_stairs",
        "name": "红色下界砖楼梯"
    },
    {
        "id": "red_nether_brick_wall",
        "name": "红色下界砖墙"
    },
    {
        "id": "red_nether_bricks",
        "name": "红色下界砖块"
    },
    {
        "id": "red_sand",
        "name": "红沙"
    },
    {
        "id": "red_sandstone",
        "name": "红砂岩"
    },
    {
        "id": "red_sandstone_slab",
        "name": "红砂岩台阶"
    },
    {
        "id": "red_sandstone_stairs",
        "name": "红砂岩楼梯"
    },
    {
        "id": "red_sandstone_wall",
        "name": "红砂岩墙"
    },
    {
        "id": "red_shulker_box",
        "name": "红色潜影盒"
    },
    {
        "id": "red_stained_glass",
        "name": "红色染色玻璃"
    },
    {
        "id": "red_stained_glass_pane",
        "name": "红色染色玻璃板"
    },
    {
        "id": "red_terracotta",
        "name": "红色陶瓦"
    },
    {
        "id": "red_tulip",
        "name": "红色郁金香"
    },
    {
        "id": "red_wool",
        "name": "红色羊毛"
    },
    {
        "id": "redstone_block",
        "name": "红石块"
    },
    {
        "id": "redstone_lamp",
        "name": "红石灯"
    },
    {
        "id": "redstone_ore",
        "name": "红石矿石"
    },
    {
        "id": "redstone_torch",
        "name": "红石火把"
    },
    {
        "id": "redstone_wall_torch",
        "name": "墙上的红石火把"
    },
    {
        "id": "redstone_wire",
        "name": "红石线"
    },
    {
        "id": "reinforced_deepslate",
        "name": "强化深板岩"
    },
    {
        "id": "repeater",
        "name": "红石中继器"
    },
    {
        "id": "repeating_command_block",
        "name": "循环型命令方块"
    },
    {
        "id": "respawn_anchor",
        "name": "重生锚"
    },
    {
        "id": "rooted_dirt",
        "name": "缠根泥土"
    },
    {
        "id": "rose_bush",
        "name": "玫瑰丛"
    },
    {
        "id": "sand",
        "name": "沙子"
    },
    {
        "id": "sandstone",
        "name": "砂岩"
    },
    {
        "id": "sandstone_slab",
        "name": "砂岩台阶"
    },
    {
        "id": "sandstone_stairs",
        "name": "砂岩楼梯"
    },
    {
        "id": "sandstone_wall",
        "name": "砂岩墙"
    },
    {
        "id": "scaffolding",
        "name": "脚手架"
    },
    {
        "id": "sculk",
        "name": "幽匿块"
    },
    {
        "id": "sculk_catalyst",
        "name": "幽匿催发体"
    },
    {
        "id": "sculk_sensor",
        "name": "幽匿感测体"
    },
    {
        "id": "sculk_shrieker",
        "name": "幽匿尖啸体"
    },
    {
        "id": "sculk_vein",
        "name": "幽匿脉络"
    },
    {
        "id": "sea_lantern",
        "name": "海晶灯"
    },
    {
        "id": "sea_pickle",
        "name": "海泡菜"
    },
    {
        "id": "seagrass",
        "name": "海草"
    },
    {
        "id": "set_spawn",
        "name": "已设置重生点"
    },
    {
        "id": "shroomlight",
        "name": "菌光体"
    },
    {
        "id": "shulker_box",
        "name": "潜影盒"
    },
    {
        "id": "skeleton_skull",
        "name": "骷髅头颅"
    },
    {
        "id": "skeleton_wall_skull",
        "name": "墙上的骷髅头颅"
    },
    {
        "id": "slime_block",
        "name": "黏液块"
    },
    {
        "id": "small_amethyst_bud",
        "name": "小型紫晶芽"
    },
    {
        "id": "small_dripleaf",
        "name": "小型垂滴叶"
    },
    {
        "id": "smithing_table",
        "name": "锻造台"
    },
    {
        "id": "smoker",
        "name": "烟熏炉"
    },
    {
        "id": "smooth_basalt",
        "name": "平滑玄武岩"
    },
    {
        "id": "smooth_quartz",
        "name": "平滑石英块"
    },
    {
        "id": "smooth_quartz_slab",
        "name": "平滑石英台阶"
    },
    {
        "id": "smooth_quartz_stairs",
        "name": "平滑石英楼梯"
    },
    {
        "id": "smooth_red_sandstone",
        "name": "平滑红砂岩"
    },
    {
        "id": "smooth_red_sandstone_slab",
        "name": "平滑红砂岩台阶"
    },
    {
        "id": "smooth_red_sandstone_stairs",
        "name": "平滑红砂岩楼梯"
    },
    {
        "id": "smooth_sandstone",
        "name": "平滑砂岩"
    },
    {
        "id": "smooth_sandstone_slab",
        "name": "平滑砂岩台阶"
    },
    {
        "id": "smooth_sandstone_stairs",
        "name": "平滑砂岩楼梯"
    },
    {
        "id": "smooth_stone",
        "name": "平滑石头"
    },
    {
        "id": "smooth_stone_slab",
        "name": "平滑石头台阶"
    },
    {
        "id": "snow",
        "name": "雪"
    },
    {
        "id": "snow_block",
        "name": "雪块"
    },
    {
        "id": "soul_campfire",
        "name": "灵魂营火"
    },
    {
        "id": "soul_fire",
        "name": "灵魂火"
    },
    {
        "id": "soul_lantern",
        "name": "灵魂灯笼"
    },
    {
        "id": "soul_sand",
        "name": "灵魂沙"
    },
    {
        "id": "soul_soil",
        "name": "灵魂土"
    },
    {
        "id": "soul_torch",
        "name": "灵魂火把"
    },
    {
        "id": "soul_wall_torch",
        "name": "墙上的灵魂火把"
    },
    {
        "id": "spawner",
        "name": "刷怪笼"
    },
    {
        "id": "sponge",
        "name": "海绵"
    },
    {
        "id": "spore_blossom",
        "name": "孢子花"
    },
    {
        "id": "spruce_button",
        "name": "云杉木按钮"
    },
    {
        "id": "spruce_door",
        "name": "云杉木门"
    },
    {
        "id": "spruce_fence",
        "name": "云杉木栅栏"
    },
    {
        "id": "spruce_fence_gate",
        "name": "云杉木栅栏门"
    },
    {
        "id": "spruce_leaves",
        "name": "云杉树叶"
    },
    {
        "id": "spruce_log",
        "name": "云杉原木"
    },
    {
        "id": "spruce_planks",
        "name": "云杉木板"
    },
    {
        "id": "spruce_pressure_plate",
        "name": "云杉木压力板"
    },
    {
        "id": "spruce_sapling",
        "name": "云杉树苗"
    },
    {
        "id": "spruce_sign",
        "name": "云杉木告示牌"
    },
    {
        "id": "spruce_slab",
        "name": "云杉木台阶"
    },
    {
        "id": "spruce_stairs",
        "name": "云杉木楼梯"
    },
    {
        "id": "spruce_trapdoor",
        "name": "云杉木活板门"
    },
    {
        "id": "spruce_wall_sign",
        "name": "墙上的云杉木告示牌"
    },
    {
        "id": "spruce_wood",
        "name": "云杉木"
    },
    {
        "id": "sticky_piston",
        "name": "黏性活塞"
    },
    {
        "id": "stone",
        "name": "石头"
    },
    {
        "id": "stone_brick_slab",
        "name": "石砖台阶"
    },
    {
        "id": "stone_brick_stairs",
        "name": "石砖楼梯"
    },
    {
        "id": "stone_brick_wall",
        "name": "石砖墙"
    },
    {
        "id": "stone_bricks",
        "name": "石砖"
    },
    {
        "id": "stone_button",
        "name": "石头按钮"
    },
    {
        "id": "stone_pressure_plate",
        "name": "石头压力板"
    },
    {
        "id": "stone_slab",
        "name": "石头台阶"
    },
    {
        "id": "stone_stairs",
        "name": "石头楼梯"
    },
    {
        "id": "stonecutter",
        "name": "切石机"
    },
    {
        "id": "stripped_acacia_log",
        "name": "去皮金合欢原木"
    },
    {
        "id": "stripped_acacia_wood",
        "name": "去皮金合欢木"
    },
    {
        "id": "stripped_birch_log",
        "name": "去皮白桦原木"
    },
    {
        "id": "stripped_birch_wood",
        "name": "去皮白桦木"
    },
    {
        "id": "stripped_crimson_hyphae",
        "name": "去皮绯红菌核"
    },
    {
        "id": "stripped_crimson_stem",
        "name": "去皮绯红菌柄"
    },
    {
        "id": "stripped_dark_oak_log",
        "name": "去皮深色橡木原木"
    },
    {
        "id": "stripped_dark_oak_wood",
        "name": "去皮深色橡木"
    },
    {
        "id": "stripped_jungle_log",
        "name": "去皮丛林原木"
    },
    {
        "id": "stripped_jungle_wood",
        "name": "去皮丛林木"
    },
    {
        "id": "stripped_mangrove_log",
        "name": "去皮红树原木"
    },
    {
        "id": "stripped_mangrove_wood",
        "name": "去皮红树木"
    },
    {
        "id": "stripped_oak_log",
        "name": "去皮橡木原木"
    },
    {
        "id": "stripped_oak_wood",
        "name": "去皮橡木"
    },
    {
        "id": "stripped_spruce_log",
        "name": "去皮云杉原木"
    },
    {
        "id": "stripped_spruce_wood",
        "name": "去皮云杉木"
    },
    {
        "id": "stripped_warped_hyphae",
        "name": "去皮诡异菌核"
    },
    {
        "id": "stripped_warped_stem",
        "name": "去皮诡异菌柄"
    },
    {
        "id": "structure_block",
        "name": "结构方块"
    },
    {
        "id": "structure_void",
        "name": "结构空位"
    },
    {
        "id": "sugar_cane",
        "name": "甘蔗"
    },
    {
        "id": "sunflower",
        "name": "向日葵"
    },
    {
        "id": "sweet_berry_bush",
        "name": "甜浆果丛"
    },
    {
        "id": "tall_grass",
        "name": "高草丛"
    },
    {
        "id": "tall_seagrass",
        "name": "高海草"
    },
    {
        "id": "target",
        "name": "标靶"
    },
    {
        "id": "terracotta",
        "name": "陶瓦"
    },
    {
        "id": "tinted_glass",
        "name": "遮光玻璃"
    },
    {
        "id": "tnt",
        "name": "TNT"
    },
    {
        "id": "torch",
        "name": "火把"
    },
    {
        "id": "trapped_chest",
        "name": "陷阱箱"
    },
    {
        "id": "tripwire",
        "name": "绊线"
    },
    {
        "id": "tripwire_hook",
        "name": "绊线钩"
    },
    {
        "id": "tube_coral",
        "name": "管珊瑚"
    },
    {
        "id": "tube_coral_block",
        "name": "管珊瑚块"
    },
    {
        "id": "tube_coral_fan",
        "name": "管珊瑚扇"
    },
    {
        "id": "tube_coral_wall_fan",
        "name": "墙上的管珊瑚扇"
    },
    {
        "id": "tuff",
        "name": "凝灰岩"
    },
    {
        "id": "turtle_egg",
        "name": "海龟蛋"
    },
    {
        "id": "twisting_vines",
        "name": "缠怨藤"
    },
    {
        "id": "twisting_vines_plant",
        "name": "缠怨藤植株"
    },
    {
        "id": "verdant_froglight",
        "name": "青翠蛙明灯"
    },
    {
        "id": "vine",
        "name": "藤蔓"
    },
    {
        "id": "void_air",
        "name": "虚空空气"
    },
    {
        "id": "wall_torch",
        "name": "墙上的火把"
    },
    {
        "id": "warped_button",
        "name": "诡异木按钮"
    },
    {
        "id": "warped_door",
        "name": "诡异木门"
    },
    {
        "id": "warped_fence",
        "name": "诡异木栅栏"
    },
    {
        "id": "warped_fence_gate",
        "name": "诡异木栅栏门"
    },
    {
        "id": "warped_fungus",
        "name": "诡异菌"
    },
    {
        "id": "warped_hyphae",
        "name": "诡异菌核"
    },
    {
        "id": "warped_nylium",
        "name": "诡异菌岩"
    },
    {
        "id": "warped_planks",
        "name": "诡异木板"
    },
    {
        "id": "warped_pressure_plate",
        "name": "诡异木压力板"
    },
    {
        "id": "warped_roots",
        "name": "诡异菌索"
    },
    {
        "id": "warped_sign",
        "name": "诡异木告示牌"
    },
    {
        "id": "warped_slab",
        "name": "诡异木台阶"
    },
    {
        "id": "warped_stairs",
        "name": "诡异木楼梯"
    },
    {
        "id": "warped_stem",
        "name": "诡异菌柄"
    },
    {
        "id": "warped_trapdoor",
        "name": "诡异木活板门"
    },
    {
        "id": "warped_wall_sign",
        "name": "墙上的诡异木告示牌"
    },
    {
        "id": "warped_wart_block",
        "name": "诡异疣块"
    },
    {
        "id": "water",
        "name": "水"
    },
    {
        "id": "water_cauldron",
        "name": "装有水的炼药锅"
    },
    {
        "id": "waxed_copper_block",
        "name": "涂蜡铜块"
    },
    {
        "id": "waxed_cut_copper",
        "name": "涂蜡切制铜块"
    },
    {
        "id": "waxed_cut_copper_slab",
        "name": "涂蜡切制铜台阶"
    },
    {
        "id": "waxed_cut_copper_stairs",
        "name": "涂蜡切制铜楼梯"
    },
    {
        "id": "waxed_exposed_copper",
        "name": "斑驳的涂蜡铜块"
    },
    {
        "id": "waxed_exposed_cut_copper",
        "name": "斑驳的涂蜡切制铜块"
    },
    {
        "id": "waxed_exposed_cut_copper_slab",
        "name": "斑驳的涂蜡切制铜台阶"
    },
    {
        "id": "waxed_exposed_cut_copper_stairs",
        "name": "斑驳的涂蜡切制铜楼梯"
    },
    {
        "id": "waxed_oxidized_copper",
        "name": "氧化的涂蜡铜块"
    },
    {
        "id": "waxed_oxidized_cut_copper",
        "name": "氧化的涂蜡切制铜块"
    },
    {
        "id": "waxed_oxidized_cut_copper_slab",
        "name": "氧化的涂蜡切制铜台阶"
    },
    {
        "id": "waxed_oxidized_cut_copper_stairs",
        "name": "氧化的涂蜡切制铜楼梯"
    },
    {
        "id": "waxed_weathered_copper",
        "name": "锈蚀的涂蜡铜块"
    },
    {
        "id": "waxed_weathered_cut_copper",
        "name": "锈蚀的涂蜡切制铜块"
    },
    {
        "id": "waxed_weathered_cut_copper_slab",
        "name": "锈蚀的涂蜡切制铜台阶"
    },
    {
        "id": "waxed_weathered_cut_copper_stairs",
        "name": "锈蚀的涂蜡切制铜楼梯"
    },
    {
        "id": "weathered_copper",
        "name": "锈蚀的铜块"
    },
    {
        "id": "weathered_cut_copper",
        "name": "锈蚀的切制铜块"
    },
    {
        "id": "weathered_cut_copper_slab",
        "name": "锈蚀的切制铜台阶"
    },
    {
        "id": "weathered_cut_copper_stairs",
        "name": "锈蚀的切制铜楼梯"
    },
    {
        "id": "weeping_vines",
        "name": "垂泪藤"
    },
    {
        "id": "weeping_vines_plant",
        "name": "垂泪藤植株"
    },
    {
        "id": "wet_sponge",
        "name": "湿海绵"
    },
    {
        "id": "wheat",
        "name": "小麦"
    },
    {
        "id": "white_banner",
        "name": "白色旗帜"
    },
    {
        "id": "white_bed",
        "name": "白色床"
    },
    {
        "id": "white_candle",
        "name": "白色蜡烛"
    },
    {
        "id": "white_candle_cake",
        "name": "插上白色蜡烛的蛋糕"
    },
    {
        "id": "white_carpet",
        "name": "白色地毯"
    },
    {
        "id": "white_concrete",
        "name": "白色混凝土"
    },
    {
        "id": "white_concrete_powder",
        "name": "白色混凝土粉末"
    },
    {
        "id": "white_glazed_terracotta",
        "name": "白色带釉陶瓦"
    },
    {
        "id": "white_shulker_box",
        "name": "白色潜影盒"
    },
    {
        "id": "white_stained_glass",
        "name": "白色染色玻璃"
    },
    {
        "id": "white_stained_glass_pane",
        "name": "白色染色玻璃板"
    },
    {
        "id": "white_terracotta",
        "name": "白色陶瓦"
    },
    {
        "id": "white_tulip",
        "name": "白色郁金香"
    },
    {
        "id": "white_wool",
        "name": "白色羊毛"
    },
    {
        "id": "wither_rose",
        "name": "凋零玫瑰"
    },
    {
        "id": "wither_skeleton_skull",
        "name": "凋灵骷髅头颅"
    },
    {
        "id": "wither_skeleton_wall_skull",
        "name": "墙上的凋灵骷髅头颅"
    },
    {
        "id": "yellow_banner",
        "name": "黄色旗帜"
    },
    {
        "id": "yellow_bed",
        "name": "黄色床"
    },
    {
        "id": "yellow_candle",
        "name": "黄色蜡烛"
    },
    {
        "id": "yellow_candle_cake",
        "name": "插上黄色蜡烛的蛋糕"
    },
    {
        "id": "yellow_carpet",
        "name": "黄色地毯"
    },
    {
        "id": "yellow_concrete",
        "name": "黄色混凝土"
    },
    {
        "id": "yellow_concrete_powder",
        "name": "黄色混凝土粉末"
    },
    {
        "id": "yellow_glazed_terracotta",
        "name": "黄色带釉陶瓦"
    },
    {
        "id": "yellow_shulker_box",
        "name": "黄色潜影盒"
    },
    {
        "id": "yellow_stained_glass",
        "name": "黄色染色玻璃"
    },
    {
        "id": "yellow_stained_glass_pane",
        "name": "黄色染色玻璃板"
    },
    {
        "id": "yellow_terracotta",
        "name": "黄色陶瓦"
    },
    {
        "id": "yellow_wool",
        "name": "黄色羊毛"
    },
    {
        "id": "zombie_head",
        "name": "僵尸的头"
    },
    {
        "id": "zombie_wall_head",
        "name": "墙上的僵尸的头"
    }
]