{
    "TYPE": "JSON",
    "CONTENT": {
        "type": "$text|维度类型的命名空间ID。可以是预设的minecraft:overworld、minecraft:overworld_caves、minecraft:the_nether或minecraft:the_end，也可以是自定义的维度类型",
        "generator": {
            "DES": "维度的生成设置",
            "type": {
                "TYPE": "text",
                "DES": "生成器的ID。前缀是minecraft:，之后是flat、noise或debug",
                "LIST": [
                    "minecraft:flat",
                    "minecraft:noise",
                    "minecraft:debug"
                ],
                "CONTENT": {
                    "minecraft:noise": {
                        "seed": "$long|用于生成该维度的种子。通常情况下，这个值理应与世界种子一致，但也可以与之不同，不同时该维度就会使用这个值作为种子生成，而不会使用世界种子",
                        "settings": "$text|地形生成器中使用的噪声设置。使用worldgen/noise_settings中的预设",
                        "biome_source": {
                            "DES": "设置要生成的生物群系及其形态",
                            "seed": "$long|用来生成生物群系的种子。通常情况下，它应当与维度种子（甚至世界种子）完全相同，但也可以与之不同，并且该维度中的该生物群系只会基于此种子生成，不会参照维度种子和世界种子 [需要测试]",
                            "type": {
                                "DES": "$text|生物群系生成类型",
                                "LIST": [
                                    "minecraft:vanilla_layered",
                                    "minecraft:fixed",
                                    "minecraft:checkerboard",
                                    "minecraft:multi_noise",
                                    "minecraft:the_end"
                                ],
                                "CONTENT": {
                                    "minecraft:checkerboard":{
                                        "biomes":{
                                            "DES":"沿着对角线重复的生物群系列表（可以超过3个）",
                                            "TYPE":"ARRAY"
                                        },
                                        "scale":"$long|在指数尺度上确定正方形的大小。范围：0到62。"
                                    },
                                    "minecraft:the_end":{
                                        "DES":"原版中末地的生物群系生成方式。以生物群系minecraft:the_end（末地）为中心，周围环绕着其他生物群系"
                                    },
                                    "minecraft:fixed":{
                                        "DES":"单一的生物群系。",
                                        "biome":"$text|生物群系"
                                    },
                                    "minecraft:multi_noise": {
                                        "DES":"用于下界和21w37a之后版本的主世界。",
                                        "preset": "$text|要使用的一组生物群系预设，与 biomes 互斥。可以是 nether 或 overworld",
                                        "biomes": {
                                            "DES": "生物群系列表，与 preset 互斥",
                                            "TYPE": "JSONARRAY",
                                            "LISTCONTENT": {
                                                "DES": "一个生物群系",
                                                "biome": "$text|生物群系",
                                                "large_biomes":"$bool|决定生物群系是否为“巨型”",
                                                "legacy_biome_init_layer":"$bool|决定世界是否为 default_1_1",
                                                "parameters": {
                                                    "DES": "代表生物群系应该被放置的最佳条件。这些值不会影响生物群系内的地形生成，而是影响游戏在何处选择安放这些生物群系。在每个特定点，都会选择一个参数与那一点在每个噪声图上的各参数最接近的生物群系。例如，如果某一点的温度为-1，湿度为0.2，海拔为0.2，怪异度为0，那么则会选择桦木森林丘陵（温度-0.1、湿度0.2、海拔0.25、怪异度0）而不是沙漠（温度0.5、湿度-0.5、海拔0、怪异度0）。参数组合在生物群系列表中必须独一无二，否则只生成其中第一项的生物群系。",
                                                    "temperature": "$double|温度。用于使类似地生物群系彼此接近。不会影响雨雪或者树叶、草的颜色",
                                                    "humidity": "$double|湿度。用于使类似生物群系彼此接近",
                                                    "continentalness": "$double|大陆性。低大陆性对应于海洋地形，高大陆性对应于内陆地形",
                                                    "erosion": "$double|侵蚀度。在主世界，高侵蚀度对应平坦地形",
                                                    "weirdness": "$double|怪异度。用于生物群系。",
                                                    "depth": "$double|深度。用于生成洞穴生物群系。只有此参数会随垂直位置改变。深度为0表示地表，深度为1表示地表以下128个方块",
                                                    "offset": "$double|偏移。类似于其他参数，但是offset在任何地方都是0，因此将这个参数设为靠近0的值会使这个生物群系占更多优势，而其他的生物群系平等。增加此值会使生物群系更加稀有，而不会影响生物群系安放"
                                                }
                                            }
                                        }
                                    }
                                }
                            }
                        }
                    },
                    "minecraft:flat":{
                        "DES":"超平坦",
                        "settings":{
                            "DES":"超平坦设置",
                            "layers":{
                                "DES":"层设置",
                                "TYPE":"JSONARRAY",
                                "LISTCONTENT":{
                                    "block":"$text|该层使用的方块",
                                    "height":"$long|该层方块所占的层数"
                                }
                            },
                            "biome":"$text|该维度使用的唯一的生物群系",
                            "lakes":"$bool|是否生成湖。如果设为 true，则水湖和熔岩湖常会生成，即使在生物群系中湖通常不生成。熔岩湖生成时会被主世界不同种类的石头和矿物包围。默认：false",
                            "features":"$bool|是否生成生物群系特有的装饰，比如主世界的树木、花、草、仙人掌，下界的火/灵魂火、菌类、菌索等等。默认：false",
                            "structures":{
                                "DES":"结构生成设置",
                                "stronghold":{
                                    "DES":"设置要塞如何生成。在structures标签下的值似乎是占位符；这些值才是真正控制要塞生成的值",
                                    "distance":"$long|控制要塞距离多远",
                                    "count":"$long|生成多少要塞",
                                    "spread":"$long|要塞传播范围"
                                },
                                "structures":{
                                    "DES":"此维度中要使用的结构列表",
                                    "TYPE":"JSON",
                                    "LISTCONTENT":{
                                        "key":{
                                            "spacing":"$long|区块中两次这种结构的放置尝试的平均距离",
                                            "separation":"$long|区块中两次这种结构的放置尝试的最小距离，必须低于 spacing",
                                            "salt":"帮助进行随机化的数字"
                                        }
                                    }
                                }
                            }
                        }
                    },
                    "minecraft:debug":{
                        "DES":"生成调试模式的世界"
                    }
                }
            }
        }
    }
}